{
  "version": 1,
  "author": "Atharva Pawar",
  "editor": "wokwi",
  "parts": [
    { "type": "wokwi-esp32-devkit-v1", "id": "esp", "top": 4.7, "left": 4.6, "attrs": {} },
    {
      "type": "wokwi-hc-sr04",
      "id": "ultrasonic1",
      "top": 14.7,
      "left": 154.5,
      "rotate": 90,
      "attrs": { "distance": "3" }
    },
    { "type": "wokwi-led", "id": "led1", "top": -90, "left": -140.2, "attrs": { "color": "red" } },
    {
      "type": "wokwi-resistor",
      "id": "r1",
      "top": -5.65,
      "left": -115.2,
      "rotate": 180,
      "attrs": { "value": "1000" }
    }
  ],
  "connections": [
    [ "esp:TX0", "$serialMonitor:RX", "", [] ],
    [ "esp:RX0", "$serialMonitor:TX", "", [] ],
    [ "esp:VIN", "ultrasonic1:VCC", "red", [ "h-14.82", "v51.49", "h175.26", "v-163.26" ] ],
    [ "ultrasonic1:GND", "esp:GND.1", "black", [ "h-15.42", "v84.95" ] ],
    [ "esp:D5", "ultrasonic1:TRIG", "green", [ "h26.88", "v-31.63" ] ],
    [ "esp:D18", "ultrasonic1:ECHO", "green", [ "h40.46", "v-12.55" ] ],
    [ "led1:A", "r1:2", "green", [ "v0" ] ],
    [ "r1:1", "esp:D25", "green", [ "v0" ] ],
    [ "led1:C", "esp:GND.2", "green", [ "v0" ] ]
  ],
  "dependencies": {}
}